{"data_radar":[[0.63,0.63,0.826,0.8067296825396825,0.9908247196892915,0.7612698412698413],
  [0.53,0.6078,0.822,0.5923672260612044,0.80,0.7431720960842383],
  [0.7,0.5337,0.79,0.6646521141715072,0.80,0.7543563799887577]],
  "labels_radar":["Distance","Participants","Teams","Official Time","Average Pace","Sex"],
  "data_hist":[[0,0,0,0,17,70,171,311,394,480,476,542,644,562,628,562,444,304,285,154,116,66,21,19,27,5,2],
    [1,44,205,431,600,600,672,673,663,619,598,444,252,162,63,28,10,7,5,1,0,0,0,0,0,0],
    [0,0,30,118,237,401,523,490,579,551,574,472,465,371,271,129,81,24,16,4,0,0,1,0,0,0]
    ],
  "labels_hist":[7,8,9,10,11,12,13,14,15,16,17,18,19,20,21,22,23,24,25,26,27,28,29,30,31,32,33],
  "data_runners":[6300,6078,5337],
  "labels_races":["XV Trofeo Galapagos","II Carrera Universitat de Valencia- Servei d'Educacio Fisica i Esports","X Volta a Peu a Natzaret"],
  "data_men":[4796,4517,4026],
  "data_women":[4796,4517,4026]}
